{"cameraMode":{"drawMode":0,"name":"Shaded","section":"Shading Mode"},"sceneLighting":false,"audioPlay":false,"sceneViewState":{"m_AlwaysRefresh":false,"showFog":true,"showSkybox":false,"showFlares":true,"showImageEffects":true,"showParticleSystems":true,"showVisualEffectGraphs":true,"m_FxEnabled":true},"in2DMode":false,"pivot":{"x":60.371482849121097,"y":-12.183658599853516,"z":52.32288360595703},"rotation":{"x":0.07630766183137894,"y":-0.5026063323020935,"z":0.044596798717975619,"w":0.8599815964698792},"size":47.197113037109378,"orthographic":false}