{"cameraMode":{"drawMode":0,"name":"Shaded","section":"Shading Mode"},"sceneLighting":false,"audioPlay":false,"sceneViewState":{"m_AlwaysRefresh":false,"showFog":true,"showSkybox":false,"showFlares":true,"showImageEffects":true,"showParticleSystems":true,"showVisualEffectGraphs":true,"m_FxEnabled":true},"in2DMode":false,"pivot":{"x":104.28895568847656,"y":3.153294563293457,"z":14.210394859313965},"rotation":{"x":0.4111899137496948,"y":-0.14127404987812043,"z":0.06467209756374359,"w":0.8982142806053162},"size":3.3109686374664308,"orthographic":false}