{"cameraMode":{"drawMode":0,"name":"Shaded","section":"Shading Mode"},"sceneLighting":false,"audioPlay":false,"sceneViewState":{"m_AlwaysRefresh":false,"showFog":true,"showSkybox":false,"showFlares":true,"showImageEffects":true,"showParticleSystems":true,"showVisualEffectGraphs":true,"m_FxEnabled":true},"in2DMode":false,"pivot":{"x":-0.3308303654193878,"y":1.0468090772628785,"z":-0.7591428756713867},"rotation":{"x":-0.4433201849460602,"y":0.005912968888878822,"z":-0.0029246844351291658,"w":-0.8963388800621033},"size":3.999037742614746,"orthographic":false}